{
    "loss": 19.742565155029297,
    "accuracy": 0.4313725531101227
}